Product_name,Price_from,Price_to
Apple iPhone 11 Pro Max    All Sizes   All Colours   Unlocked   Good Condition ,£479.99,£599.99
Apple iPhone 11   64GB 128GB 256GB   All Colours   Unlocked   Good Condition ,£369.99,£449.99
Apple iPhone 11 Pro   All Sizes   All Colours   Unlocked   Good Condition ,£399.99,£549.99
Apple iPhone 12 Pro 128GB 256GB 512GB Unlocked All Colours   Excellent,£579.00,£659.00
Apple iPhone 8   64GB 256GB   Gold Grey  Silver   UNLOCKED   Excellent Grade A,£149.99,£169.99
Apple iPhone 12 Pro Max 256GB Unlocked All Colours   Very Good,£679.00,
Apple iPhone 12 Pro 128GB 256GB 512GB Unlocked All Colours   Very Good,£539.00,£619.00
Apple iPhone 11 64GB 128GB 256GB   Unlocked Smartphone   Excellent   Grade A ,£334.99,£439.99
Apple iPhone 13 Pro Max   All Sizes   Colours   Unlocked   Excellent Condition ,"£1,039.99","£1,429.99"
New Samsung Galaxy A12 32GB   64GB   128GB 4G LTE Smartphone Dual Sim   Unlocked,£149.99,£164.99
Apple iPhone 13 Pro Max 128GB 256GB 512GB 1TB Graphite NEW condition Warranty,£998.00,"£1,097.00"
Apple iPhone 12 64GB 128GB 256GB Unlocked All Colours   Excellent,£439.00,£539.00
Apple iPhone X  iPhone 10  64GB 256GB All Colours Unlocked  Excellent Grade A,£219.99,£239.99
Apple iPhone 12 Pro Max 128GB 256GB 512GB Unlocked All Colours   Very Good,£679.00,£709.00
Apple iPhone 11 Pro Max    All Sizes   All Colours   Unlocked   Excellent ,£559.99,£679.99
Apple iPhone 13 Pro 128GB 256GB 512GB 1TB Graphite NEW condition Apple Warranty,£910.00,"£1,097.00"
Apple iPhone 11   64GB 128GB 256GB   All Colours   Unlocked Very Good Condition,£409.99,£489.99
Apple iPhone 12 Pro Max   All Sizes   All Colours   Unlocked   Good Condition,£749.99,£849.99
SAMSUNG Galaxy S8   S8    S9  S9  PLUS 64GB Unlocked Smartphone Pristine,£159.99,£199.99
Apple iPhone 12 Pro Max   All Sizes   Colours   Unlocked   Excellent Condition,£829.99,£929.99
Apple iPhone 12 Pro   All Sizes   All Colours   Unlocked   Good Condition,£669.99,£789.99
APPLE iPhone 13 128GB 256GB 512GB Midnight Unlocked New Condition Apple Warranty,£720.00,£785.00
Apple iPhone 12 64GB 128GB 256GB Unlocked All Colours   Very Good,£399.00,£499.00
NEW SEALED Apple iPhone 12 Mini  5.4  5G 64GB All Colours Unlocked WITH BOX ,£444.99,
Apple iPhone 12 Pro Max 128GB 256GB 512GB Unlocked All Colours   Good,£659.00,£699.00
Apple iPhone 11 Pro   All Sizes   All Colours   Unlocked   Very Good Condition ,£439.99,£589.99
Apple iPhone 11 Pro   All Sizes   All Colours   Unlocked   Excellent Condition ,£479.99,£579.99
Apple iPhone 11 Pro Max    All Sizes   Colours   Unlocked   Very Good Condition ,£519.99,£639.99
NEW Sealed Apple iPhone 11   64GB 128GB 256GB   Unlocked Smartphone all Colours ,£399.99,
Samsung Galaxy S10e   S10   S10  Plus 128GB 4G LTE Android Smartphone Unlocked,£224.99,£279.99
Apple iPhone 12 Mini   All Sizes   All Colours   Unlocked   Good Condition,£439.99,£549.99
Apple iPhone 13 Pro Max All Sizes All Colors Unlocked Brand New Sealed UK Spec,£999.00,"£1,239.00"
Apple iPhone 13 Pro Max 128GB 256GB 512GB 1TB Sierra Blue NEW condition Warranty,£998.00,"£1,060.00"
Apple iPhone XR   64GB 128 256GB   ALL COLOURS   UNLOCKED   Excellent Grade A,£219.99,£239.99
Apple iPhone 12   All Sizes   All Colours   Unlocked   Good Condition,£489.99,£619.99
Apple iPhone 11 64GB 128GB 256GB   Unlocked Smartphone   Excellent   Grade A,£309.99,
Google Pixel 6   128GB   Stormy Black  Unlocked  SIM FREE,£485.00,
Apple iPhone XS   64GB  256GB  512GB   All Colours   Unlocked   Good Condition ,£218.49,£306.84
NEW SEALED Apple iPhone 12 6.1  5G 64GB Mobile unlocked WITH 1 YEAR WARRANTY,£569.99,
Apple iPhone 13   All Sizes   All Colours   Unlocked   Excellent Condition ,£779.99,£989.99
Apple iPhone XS   64GB 256GB 512GB  All Colours   Unlocked   Excellent Condition,£251.74,£440.79
Samsung Galaxy Note 10  Plus 256GB 12GB RAM Unlocked Android Smartphone Pristine,£394.99,
New Samsung Galaxy A52s 5G 128GB 6GB RAM Dual SIM Unlocked Android Smartphone,£334.99,
Apple iPhone XS Max   All Sizes   Colours   Unlocked Smartphone   Good Condition,£261.24,£370.49
Apple iPhone 12   All Sizes   All Colours   Unlocked   Excellent Condition,£569.99,£699.99
Apple iPhone 13 Pro   All Sizes   All Colours   Unlocked   Excellent Condition,£892.99,"£1,253.99"
Apple iPhone 12 Pro 256GB Unlocked All Colours   Very Good,£569.00,
Apple iPhone X  iPhone 10  64GB 256GB Unlocked Smartphone All Colours Excellent,£209.99,£229.99
Apple iPhone 12 Mini 64GB 128GB 256GB Unlocked All Colours   Excellent,£399.00,£459.00
Apple iPhone XR   All Sizes   All Colours   Unlocked   Good Condition Smartphone,£199.49,£322.04
Samsung Galaxy Note20 Ultra 5G   All Sizes   Colours   Unlocked   Good Condition,£512.99,£569.99
Apple iPhone 11   All Sizes   All Colours   Unlocked   Excellent Condition,£449.99,£489.99
Apple iPhone 12 Pro 128GB 256GB 512GB Unlocked All Colours   Good,£559.00,£679.95
Apple iPhone 11   64GB 128GB 256GB Unlocked All Colours   TOP UK DEAL   GOOD,£289.99,£318.99
Apple iPhone XR 64GB 128GB 256GB Unlocked All Colours   Excellent,£214.00,£294.00
Samsung Galaxy S21 Ultra 5G   All Sizes   All Colour   Unlocked   Good Condition,£617.49,£759.99
Apple iPhone 8 64GB All Colours   Unlocked Smartphone   Excellent   Grade A ,£159.99,
Apple iPhone XS   64GB 256GB 512GB   Unlocked All Colours   Very Good Condition,£215.99,£269.99
Apple iPhone XS Max   64GB 256GB 512GB   Unlocked Smartphone A Grade Pristine,£289.99,£329.99
Apple iPhone 11   64GB 128GB 256GB Unlocked All Colours  12M Warranty  VERY GOOD,£317.99,£407.99
Apple iPhone X   64GB 256GB   All Colours   Unlocked   Good Condition ,£208.99,£256.49
Apple iPhone 13 Pro 128GB 256GB 512GB 1TB Alpine Green NEW condition Warranty,£905.00,"£1,020.00"
Apple iPhone 11 Pro 64GB 256GB 512GB Unlocked All Colours   Very Good,£334.00,
Samsung Galaxy S9   S9  PLUS 64GB 4G LTE Unlocked Android Smartphone A  Grade,£179.99,£199.99
Apple iPhone XR 64GB 128GB 256GB   Unlocked Smartphone   Excellent   Grade A ,£219.99,£299.99
Apple iPhone XS Max   All Sizes   Colours    UNLOCKED    Very Good Condition,£284.99,£372.39
Apple iPhone 8 Plus 64GB 256GB Fully Unlocked All Colours   Very Good,£164.00,£204.00
Apple iPhone 13   All Sizes   All Colours   Unlocked   Brand New Sealed,£750.00,£859.00
NEW SEALED Apple iPhone 11 Pro 64GB 256GB 512GB Unlocked  Smartphone 1 YEAR WTY,£474.99,
Apple iPhone 13 Pro Max 128GB 256GB 512GB 1TB Green NEW condition Apple Warranty,£990.00,"£1,060.00"
Apple iPhone 8 64GB   256GB 4G LTE iOS Smartphone Unlocked All Colours Pristine,£164.99,£209.99
Apple iPhone 12 Mini 64GB 128GB 256GB Unlocked All Colours   Very Good,£369.00,£429.00
APPLE iPhone 13 Pro Max 128GB 256GB 512GB 1TB Silver Warranty NEW Condition,£998.00,"£1,080.00"
Apple iPhone SE 2020 64GB  128GB 2nd Generation 4G LTE Smartphone Unlocked A  ,£244.99,£299.99
Apple iPhone X  iPhone 10  64GB 256GB Silver Space Grey Unlocked Sim Very Good,£168.99,£289.99
Apple iPhone 12 Pro Max 128GB 256GB 512GB Unlocked All Colours   Excellent,£729.00,£809.95
Apple iPhone 11 Pro Max 64GB 256GB 512GB Green Gold Silver Unlocked Very Good,£529.99,
New Samsung Galaxy A22 64GB 4G   5G LTE  Dual Sim Unlocked Android Smartphone,£179.99,£209.99
Apple iPhone 11 Pro   64GB 256GB   Green Silver  Unlocked  A2215 Very Good Grade,£359.99,
Apple iPhone 12 Pro   All Sizes   All Colours   Unlocked   Very Good Condition,£709.99,£829.99
Apple iPhone SE 16GB   32GB   64GB 4G LTE Unlocked iOS Smartphone UK Seller,£64.99,£109.99
Apple iPhone 12 Pro Max 512GB Unlocked All Colours   Very Good,£709.00,
Apple iPhone XR 64GB 128GB 256GB Unlocked Smartphone All Colours Very Good Grade,£195.99,
Apple iPhone 11 64GB 128GB 256GB   Unlocked   All Colours   Good Condition,£264.95,
Apple iPhone XS 64GB 256GB Unlocked Smartphone All Colours Excellent Condition A,£229.99,£319.99
Apple iPhone 12   All Sizes   All Colours   Unlocked   Very Good Condition,£529.99,£659.99
Apple iPhone XR 64GB 128GB 256GB Unlocked All Colours   Good,£209.00,
Apple iPhone 11   64GB 128GB 256GB   Unlocked Smartphone All Colours Excellent A,£329.99,£399.99
Apple iPhone 12 64GB 128GB 256GB Unlocked All Colours   Good,£459.95,£499.95
Samsung Galaxy A20e Dual SIM 32GB Unlocked Black White Blue Pink 4G Phone   Good,£99.00,
New Motorola Edge 20 Pro 5G Midnight Blue 6.7  256GB 12GB Andriod 11 SIM Free UK,£399.99,
Apple iPhone XS Max 64GB 256GB 512GB Unlocked Smartphone Very Good Condition,£309.99,£359.99
SAMSUNG GALAXY A52s 5G A528B DS UNLOCKED 128GB   6GB BLACK,£280.13,
Apple iPhone 11   64GB 128GB 256GB All Colours 12M WARRANTY  15  OFF   BUY NOW  ,£289.99,£319.99
Apple iPhone XR 64GB  128GB   Black Blue White Yellow   Unlocked   Very Good,£209.95,£249.95
Apple iPhone XR 64GB 128GB 256GB Unlocked Smartphone All Colours Excellent Grade,£209.99,£299.99
Apple iPhone SE 2020   All Sizes   All Colours   Unlocked   Good Condition,£218.49,£343.89
Apple iPhone 8   64GB 128GB 256GB   All Colours   Unlocked   Good Condition ,£147.24,£189.99
Apple iPhone 11   64GB 128GB 256GB Unlocked All Colours  TOP UK DEAL   EXCELLENT,£318.99,£408.99
Apple iPhone XS 64GB 256GB 512GB Unlocked All Colours   Very Good,£229.00,£314.95
Apple iPhone 13 Mini 128GB PINK UNLOCKED APPLE WARRANTY A2628 BOXED NEW,£578.00,
Apple iPhone 13 Pro All Sizes All Colors  Unlocked  Brand New Sealed UK Spec UK,"£1,379.00",
Apple iPhone 12 Pro   All Sizes   All Colours   Unlocked   Excellent Condition ,£749.99,£869.99
Samsung Galaxy S9 64GB Black Blue Purple Unlocked LTE Android Pristine Condition,£179.99,
Apple iPhone 12 Pro 128GB Unlocked All Colours   Very Good,£539.00,
Apple iPhone 8 Plus 64GB 256GB   Unlocked Smartphone   Excellent   Grade A ,£219.99,
APPLE iPhone 13 Pro 128GB 256GB 512GB 1TB Sierra Blue New Condition Warranty,£880.00,"£1,170.00"
New Samsung Galaxy A32 128GB 4G   5G Unlocked Android Smartphone 2021,£244.99,£254.99
Apple iPhone XS 64GB 256GB 512GB Unlocked All Colours   Good,£209.00,
Apple iPhone XR   All Colours   64GB 128GB 256GB   Unlocked Excellent Condition,£275.49,£337.24
Samsung galaxy A72 128GB 256GB Unlocked SM A725F DS 4G LTE BLACK BLUE WHITE,£375.00,£430.00
New Samsung Galaxy S20 FE 4G LTE 6GB 128GB Unlocked Android Smartphone   Colours,£384.99,
Samsung Galaxy Note20 Ultra 5G Mystic Bronze 256GB SM N986B DS Unlocked New,£598.00,
Samsung Galaxy S20 Plus 5G  128GB   All Colours   Unlocked   Very Good Condition,£370.49,£389.49
Apple iPhone XS   64GB 256GB 512GB  All Colours   Unlocked   Very Good Condition,£242.24,£350.54
Apple iPhone 13 128GB 256GB 512GB Blue Unlocked NEW Condition Apple Warranty,£720.00,
New Samsung Galaxy A13 64GB 4G LTE Unlocked Android Smartphone 2022 Model,£164.99,
Apple iPhone XR 64GB 128GB 256GB Unlocked All Colours   Very Good,£214.00,£274.00
Samsung Galaxy S6   32GB   Black Sapphire  Unlocked  Smartphone,£55.99,
Apple iPhone XR   All Sizes   Colours  UNLOCKED  Very Good Condition Smartphone,£232.74,£354.34
Apple iPhone XS Max   All Sizes   Colours    UNLOCKED    Excellent Condition,£332.49,
Samsung Galaxy A13 64GB 2022 Unlocked 4G A135F DS UK Version,£140.61,
Apple iPhone X 64GB 256GB  All Colours  Unlocked Smartphone  Excellent  Grade A ,£238.99,£299.99
Google Pixel 3   Pixel 3 XL   Pixel 4   Pixel 4 XL 64GB Unlocked Android Phone,£134.99,£254.99
Apple iPhone 11 Pro 64GB 256GB 512GB Unlocked   With Accessories   Good,£324.00,£424.95
Apple iPhone 11   64GB 128GB   Various Colours   Unlocked Smartphone NEW SEALED,£399.99,
Apple iPhone 13 PRO MAX 256GB GRAPHITE UNLOCKED APPLE WARRANTY A2643 BOXED NEW,£988.00,
Apple iPhone 12 Mini   All Sizes   All Colours   Unlocked   Excellent Condition,£499.99,£609.99
Apple iPhone 13 128GB 256GB 512GB Green Unlocked NEW Condition Apple Warranty,£720.00,
Apple iPhone 13 128GB 256GB 512GB Red Unlocked NEW Condition Apple Warranty,£695.00,£750.00
Apple iPhone 8 64GB 128GB 256GB Unlocked Space Grey Gold Silver Red 4G   Good,£139.00,
Samsung Galaxy Z Fold3 5G 256GB Green SM F926B UNLOCKED Samsung Warranty NEW,£918.00,
Apple iPhone 11 Pro   64GB 256GB   Unlocked All Colours A2215   A Grade IDM Read,£389.99,
Apple iPhone X 64GB 256GB Unlocked A1901  GSM  Space Grey Silver Very Good Grade,£198.89,£234.99
Apple iPhone X  iPhone 10  64 256GB All Colours   Good Condition,£194.99,
SAMSUNG Galaxy A32 5G 6.5  Smartphone 64GB Black    Blue   UK Version,£190.13,
Apple iPhone XS 64GB 256GB Unlocked Smartphone All Colours Excellent Condition,£259.99,£349.99
Samsung Galaxy S9  Plus 64GB Black Blue Purple Unlocked Android Pristine A  ,£199.99,
Apple iPhone 12 Pro Max   All Sizes  All Colours  Unlocked   Very Good Condition,£789.99,£889.99
Samsung Galaxy S20 FE 2021 SM G780G DS 6.5  128GB Cloud Navy,£345.00,
Samsung Galaxy Note20 Ultra 5G All Sizes   Colours Unlocked Excellent Condition,£655.49,£807.49
Samsung Galaxy Note 8 64GB Single Sim Unlocked Black Colour Pristine A Condition,£189.99,
Apple iPhone SE 2020 2nd Generation 64GB   128GB 4G LTE iOS Smartphone Unlocked,£244.99,£299.99
Apple iPhone 11 Pro   64GB 256GB Green Silver Grey Unlocked A2215   A Excellent,£399.99,£499.99
Apple iPhone 12 All Sizes All Colour Brand New Sealed Unlocked UK Spec,£579.00,£719.00
Apple iPhone 11 64GB 128GB 256GB   Unlocked   All Colours   Excellent Condition,£309.95,£434.95
Apple iPhone 13 Pro 128GB 256GB 512GB 1TB Silver Unlocked NEW condition Warranty,£885.00,
Apple iPhone X  iPhone 10    64GB 256GB Silver Grey Unlocked Smartphone A Grade,£189.99,£259.99
Apple iPhone 13 Pro Max   All Sizes All Colours   Unlocked   Very Good Condition,"£1,009.99","£1,399.99"
Samsung Galaxy S21 5G SM G991B DS   128GB   Phantom Grey  Unlocked   NEW SEALED ,£529.95,
Apple iPhone 12 64GB 128GB 256GB Black Unlocked NEW Condition Apple Warranty,£555.00,£590.00
Samsung Galaxy S21 Ultra 5G   All Sizes   All Colours   Unlocked   Very Good ,£712.49,£769.49
Apple iPhone 8 Plus 64GB 256GB Unlocked Smartphone Silver Gold Grey Excellent A,£189.99,£229.99
Google Pixel 6   5G   128GB   UK Unlocked   Stormy Black,£519.95,
Samsung Galaxy S20 Ultra 5G   All Sizes Colours   Unlocked   Very Good Condition,£465.49,£474.99
Apple iPhone 13 Pro 128GB 256GB 512GB 1TB Graphite Unlocked NEW Opened 100  BH,"£1,020.00",
Apple iPhone 11 Pro Max  12 12 Mini   64 128 256 GB Unlocked Good Condition,£469.99,£589.99
Apple iPhone 13 Pro   All Sizes   All Colours   Unlocked   Very Good Condition,£909.99,"£1,169.99"
Apple iPhone 11 64 128 256GB   All Colours   Good Condition,£279.99,
Samsung Galaxy S10e   128GB   All Colours   Unlocked   Good Condition,£189.99,£220.39
Samsung Galaxy S6 SM G920F 32GB  Black  White  Gold  Blue  Unlocked  Smartphone ,£58.99,£78.99
Samsung Galaxy A12 32GB 64GB 128GB Dual SIM UNLOCKED 4G LTE SM A125F DS New,£130.00,£143.00
Google Pixel 6 Pro 128 GB Stormy Black Unlocked SIM FREE Grade A,£575.00,
Samsung Galaxy S21 5G   All Sizes   All Colours   Unlocked   Good Condition,£446.49,£522.49
Samsung Galaxy A70  Dual SIM    128GB   Black  Unlocked  Smartphone ,£159.99,
Apple iPhone XR 64 128 256GB All Colours   Good Condition,£209.99,
Apple iPhone 7 4.7  Various Colour   Storage  Unlocked  iOS Smartphone  New ,£139.99,£149.99
Google Pixel 6 Pro 128GB Black Unlocked,£660.00,
Samsung Galaxy Z Flip3 128GB BLACK 5G SM F711B FOLDABLE PHONE   Unlocked   New,£548.00,
Apple iPhone SE 2nd Gen 2020 64GB 128GB Unlocked Smartphone Very Good Condition,£179.99,£219.99
Apple iPhone 13 Pro Max 128GB 256GB 512GB 1TB Gold Unlocked NEW Opened 100  BH,£930.00,
New Samsung Galaxy A03 Core   A03s   A12 32GB   64GB DualSim Smartphone Unlocked,£104.99,£159.99
Apple iPhone 8 Plus 64GB 256GB Unlocked Smartphone Silver Gold Grey Very Good,£169.99,£179.99
Samsung Galaxy S9   All Sizes   Colours    UNLOCKED    Good Condition,£170.99,£252.69
New Samsung Galaxy A32 4G 6GB RAM 128GB Unlocked Android Smartphone 2021,£244.99,
Samsung Galaxy S21  Plus   All Sizes   Colours   Unlocked   Very Good Condition,£589.99,£769.99
Apple iPhone X   64GB 256GB   All Colours   Unlocked   Very Good Condition ,£223.24,£275.49
Samsung Galaxy S10  Plus   All Sizes   Colours   Unlocked   Good Condition,£246.99,£376.19
Samsung Galaxy Note20 Ultra 5G All Sizes   Colours Unlocked Very Good Condition,£579.49,£664.99
Google Pixel 6 Pro   128 GB   Stormy Black Unlocked   Grade A ,£575.00,
Apple iPhone XS   64GB 256GB 512GB   Unlocked All Colours   Excellent Condition,£229.99,£319.99
Sony Xperia 5 128GB Unlocked Black Grey Blue Android Smartphone Mobile 4G   Good,£169.00,
Google Pixel 6   128GB   Kinda Coral Orange  Unlocked  SIM FREE,£499.00,
Apple iPhone 11 64GB   A2221 Unlocked Phone   All Colours   Good Condition Phone,£289.99,£292.99
Apple iPhone 13 Pro 128GB 256GB 512GB 1TB Gold Unlocked NEW Opened 100  BH,£840.00,
New Motorola Moto E7 Aqua Blue 6.5  32GB 4000mAh Sim Free Unlocked,£108.99,
Samsung Galaxy A22 5G 128GB 64GB 4G Dual Sim Unlocked All Colour UK Seller,£184.00,£210.00
Samsung Galaxy J5  2016  SM J510F   16GB   Black  Unlocked  Smartphone,£44.99,
Apple iPhone 11 64GB 128GB 256GB Unlocked SIM Free Smartphone Good Condition,£279.89,£339.89
Apple iPhone XR 64 128 256GB All Colours   Very Good Condition,£199.99,£224.99
Apple iPhone 8 Plus   64GB 128GB 256GB   All Colours   Very Good Condition ,£221.99,£322.99
New Xiaomi Redmi 10 128GB 6.5  5000mAh Carbon Gray SIM Free Unlocked,£169.99,
Samsung Galaxy S20 Ultra 5G   All Sizes Colours   Unlocked   Good Condition,£446.49,£474.99
Apple iPhone XS   64GB 256GB   Unlocked Smartphone Gold Silver Grey  Excellent A,£229.99,£319.99
Apple iPhone XS   64GB 256 512GB   Grey Silver Gold   UNLOCKED Excellent Grade A,£229.99,
Apple iPhone 13 Pro Max 128GB 256GB 512GB 1TB Graphite NEW Opened 100  BH,£978.00,
Apple iPhone XS Max 64 256 512GB All Colours   Excellent Condition,£284.99,£314.99
Samsung Galaxy Z Fold3 5G 256GB Black SM F926B UNLOCKED WARRANTY NEW,£918.00,
Apple iPhone 7 32GB  128GB   Black  Rose Gold  Red  Silver    Unlocked   Good,£89.95,
Apple iPhone 11 Pro Max 64GB 256GB 512GB   Excellent Condition  12M UK Warranty,£497.99,
Samsung Galaxy S7 edge SM G935F   32GB   Black  Unlocked  Smartphone ,£114.99,
Samsung Galaxy A70 Dual SIM 128GB Unlocked Black Blue White Pink 4G   Very Good,£149.00,£159.00
Apple iPhone 12 Pro Max 128GB Gold 5G Unlocked Excellent Conditions,£648.00,
Apple iPhone 8 Plus   64GB 128GB 256GB   All Colours   Unlocked   Good Condition,£185.24,
Samsung Galaxy S20 Plus 5G  128GB   All Colours   Unlocked   Excellent Condition,£408.49,£436.99
New Samsung Galaxy A03 Core   A12 32GB 4G Unlocked Smartphone Android Dual Sim,£104.99,£149.99
Apple iPhone 12 Mini All Sizes All Colors Unlocked Brand New Sealed UK Spec,£519.00,£569.00
Samsung Galaxy S8 SM G950   64GB   Arctick Silver  Unlocked  Smartphone ,£99.99,
Apple iPhone 13 PRO 256GB GOLD UNLOCKED APPLE WARRANTY A2638 BOXED UK VERSION,£898.00,
Apple iPhone 8 Plus 64GB 256GB Fully Unlocked All Colours   Excellent,£179.00,£219.00
Samsung Galaxy S21 FE 5G 128GB Graphite 6.4   Smartphone Unlocked Uk Version New,£448.00,
Samsung Galaxy S21 Ultra 5G 128 256GB All Colours   Excellent Condition,£609.99,£629.99
Apple iPhone XR  64GB  128GB   Black Blue Red White Yellow   Unlocked   Good,£239.95,
Apple iPhone 12 Mini 64 128 256GB   All Colours   Very Good Condition,£429.99,
Apple iPhone XR 64GB 128GB   Unlocked Network Sim Free All Colours   Excellent A,£229.99,£339.99
Apple iPhone 12 Pro 512GB Unlocked All Colours   Very Good,£619.00,
Samsung Galaxy S20 5G   128GB   All Colours   Unlocked   Good Condition,£332.49,£341.99
Apple iPhone 8 Plus 64GB 256GB Fully Unlocked All Colours   Good,£169.95,£199.95
SAMSUNG GALAXY A52s 5G SM A528B DS UNLOCKED 128GB MINT UK VERSION,£280.13,
Apple iPhone 11 Pro MAX   UNLOCKED   64 256 512GB   Good Condition,£384.95,£435.95
Huawei P20 Pro   128GB   Twilight  Unlocked  Smartphone  ,£124.99,
Samsung Galaxy Note 10  5G   All Sizes   2 Colours   Unlocked   Good Condition,£360.99,£451.24
Huawei P20 Lite Black 5.84  64GB 4G Android  Unlocked  Smartphone  No wifi chip ,£62.99,
Google Pixel 6   128GB   Stormy Black Unlocked  Grade A,£455.00,
Apple iPhone 8   64GB 256GB   Unlocked Smartphone   Grey Gold Silver Excellent A,£139.99,£189.99
Huawei P40 Lite JNY LX1  128GB   Midnight Black Dual SIM  Unlocked  Smartphone,£129.99,
Galaxy S20 Ultra 5G   UNLOCKED   128 256 512GB   ALL COLOURS Very Good Condition,£347.95,£365.95
Samsung Galaxy S9 SM G960F   64GB   Midnight Black  Unlocked  Smartphone ,£119.99,
Samsung Galaxy A70   Dual SIM    128GB   Blue  Unlocked  Smartphone ,£124.99,
Apple iPhone 11 Pro Max   64GB 256GB   Green Gold Silver Unlocked Good Condition,£529.99,£579.99
Samsung Galaxy S21 Ultra 5G   All Sizes   All Colours   Unlocked   Excellent ,£712.49,£854.99
Samsung Galaxy Note20 5G   256GB   All Colours   Unlocked   Very Good Condition,£484.49,
Apple iPhone 11 64GB 128GB 256GB Unlocked SIM Free Smartphone Pristine Condition,£359.89,£399.89
Apple iPhone 11   UNLOCKED   64 128 256GB   ALL COLOURS   Good Condition,£275.95,£317.95
Galaxy S20 Ultra 5G   UNLOCKED   128 256 512GB   ALL COLOURS Good Condition,£339.95,£358.95
Apple iPhone 8   64GB 128GB 256GB   All Colours   Unlocked   Very Good Condition,£166.24,£223.24
Samsung Galaxy Z Flip3 128GB Cream 5G SM F711B FOLDABLE PHONE Unlocked New,£548.00,
Samsung Galaxy S21 Phantom Grey 128GB 5G   SM G991B   Warranty UK Version,£398.00,
Apple iPhone 8 PLUS  64GB 256GB   Gold Black Silver  UNLOCKED  Excellent Grade A,£209.93,£209.99
Apple iPhone SE 2020 2nd Gen 64GB 128GB Unlocked Smartphone All Colour Excellent,£189.99,£229.99
Apple iPhone 11 64GB Unlocked Black   12M Warranty   GOOD   15  OFF   BUY NOW   ,£282.99,
SAMSUNG GALAXY A52s 5G SM A528B DS UNLOCKED 128GB BLACK UK VERSION,£284.81,
Apple iPhone 8 Plus 64GB 256GB Fully Unlocked All Colours Certified Refurbished,£219.95,£249.95
Google Pixel 3 64GB Unlocked 4G LTE Android Smartphone UK Seller Sim FREE,£134.99,
Samsung Galaxy A20e Dual SIM 32GB Unlocked Black White Blue Pink 4G   Very Good,£99.00,£109.00
Apple iPhone XS 64 256 512GB All Colours   Excellent Condition,£229.99,£264.99
Samsung Galaxy S9  64GB Various Colours  Unlocked  Android Smartphone A Grade,£179.99,
Apple iPhone 12 Pro Max 128GB Pacific Blue 5G Unlocked Excellent Conditions,£648.00,
Apple iPhone 11 64GB 128GB 256GB   Unlocked   All Colours   Very Good Condition,£289.95,£364.95
Apple iPhone 8   64GB 128GB 256GB   All Colours   Unlocked   Excellent Condition,£189.99,£227.99
Apple iPhone XS Max 64GB 256GB 512GB  Unlocked  All Colours  Excellent Condition,£279.00,
Apple iPhone 11 Pro   64GB 256GB 512GB All Colours Unlocked A2215 Good Condition,£380.99,£418.99
Samsung Galaxy Z Fold3 5G   256GB   Phantom Silver   Unlocked,£979.95,
SAMSUNG GALAXY A52s 5G SM A528B DS UNLOCKED 128GB BLACK GRADE A,£263.18,
Huawei P20 lite   64GB   Midnight Black  Unlocked  Smartphone ,£99.99,
Samsung Galaxy Note 9 128GB SM N960 4G LTE Unlocked Android Smartphone,£254.99,
Samsung Galaxy A71 Dual SIM 128GB Unlocked Black Blue Silver Pink   Very Good,£169.00,£179.00
Samsung Galaxy Note 10 Plus   256GB   2 Colours   Unlocked   Good Condition,£341.99,£360.99
Apple iPhone X  iPhone 10  64 256GB All Colours   Excellent Condition,£224.99,£254.99
Apple iPhone XS   64GB 256GB 512GB   Unlocked Smartphone All Colours A Grade IBM,£209.99,£229.99
Apple iPhone XS Max 64 256 512GB All Colours   Good Condition,£254.99,
Apple iPhone 13 PRO MAX 128GB SILVER UNLOCKED APPLE WARRANTY A2643 UK VERSION,£898.00,
Samsung Galaxy A21s Dual SIM 32GB Unlocked Black White Red Blue 4G Phone   Good,£129.00,
Samsung Galaxy Z Flip3 256GB Cream 5G SM F711B FOLDABLE PHONE Unlocked   New,£598.00,
Apple iPhone 8 64GB 256GB   Unlocked Smartphone Grey Gold Silver  Good Condition,£124.99,
Apple iPhone 11 PRO   UNLOCKED   64 256 512GB   Good Condition,£338.95,£397.95
Apple iPhone 8  Plus 64GB 128GB 256GB Unlocked Black Gold Silver Red 4G   Good,£169.00,
Samsung Galaxy S7 32GB Unlocked All Colours Android Smart Phone 4G   Very Good,£99.00,£105.00
Samsung Galaxy S20 5G   128GB   All Colours   Unlocked   Excellent Condition,£389.49,
Samsung Galaxy Z Fold 2   5G   SM F916B   256GB   Mystic Bronze  Unlocked  ,£594.99,
Apple iPhone SE 2020 2nd Gen   64GB 128GB   Unlocked Smartphone   Good Condition,£169.99,£199.99
Samsung Galaxy S21 5G G991B   128GB   Phantom Grey Unlocked,£579.00,
Apple iPhone 11 Pro Max 64GB 256GB 512GB Unlocked Green Gold Silver Good Grade,£529.99,£579.99
Apple iPhone 11 Pro   64GB 256GB   Unlocked All Colours A2215   Very Good IDM,£449.99,
Samsung Galaxy Note 10   256GB   All Colours   Unlocked   Good Condition ,£294.49,
Sony Xperia 1 One 128GB Unlocked Black Purple Grey Android Smartphone 4G   Good,£165.00,
Samsung Galaxy S20 FE 128GB NAVY   SM G780G DS   UNLOCKED    NEW   UK VERSION,£328.00,
APPLE iPhone 6 16GB SPACE GREY UNLOCKED RARE NEW,£98.00,
Apple iPhone 13   256GB   Midnight    Unlocked    New,£873.05,
Apple iPhone X   64GB   Space Grey  Unlocked  Smartphone ,£186.99,
Samsung Galaxy J3 2017 16GB Unlocked Black Blue Gold Android Phone   Very Good,£65.00,
Apple iPhone 12 64GB 128GB 256GB Unlocked All Colours Certified Refurbished,£479.00,£569.00
Apple iPhone 12 PRO 512GB PACIFIC BLUE UNLOCKED APPLE WARRANTY A2407 NEW,£828.00,
Samsung Galaxy A5 SM A520F  2017  32GB   Sky Black  Unlocked  Smartphone,£54.99,
Apple iPhone 11 Pro MAX   UNLOCKED   64 256 512GB   Excellent Condition,£478.95,£554.95
Apple iPhone 7 32GB 128GB 256GB Various Colour  Unlocked  Smartphone A Grade ,£119.99,£139.99
Samsung Galaxy J5 SM J530F  2017  16GB   Black  Unlocked  Smartphone ,£59.99,
Apple iPhone SE 2022   All Sizes   All Colours   Unlocked   Excellent Condition,£398.99,
Samsung Galaxy Note 10 Lite  Dual SIM  128GB   Black  Unlocked  Smartphone ,£199.99,
Samsung Galaxy A3 SM A300FU   16GB   Midnight Black  Unlocked  Smartphone ,£35.99,
Apple iPhone XR 64 128 256GB All Colours   Excellent Condition,£214.99,
Google Pixel 4 64GB Unlocked Android Smartphone SIM Free Pristine Grade A  ,£244.99,
Apple iPhone SE 2020   All Sizes   All Colours   Unlocked   Excellent Condition,£275.49,£461.69
Apple iPhone XR   64GB 128GB   Black White  Unlocked  A2105  GSM  Good Condition,£199.99,£209.99
Sony Xperia 5 II 128GB Black   Excellent Condition,£379.99,
Google Pixel 3A 64GB Unlocked Black White Purple Android Smart Phone   Very Good,£125.00,£129.00
Apple iPhone SE 2016   All Sizes   All Colours   Unlocked   Good Condition,£118.74,£151.04
Apple iPhone XS 64 256 512GB All Colours   Good Condition,£199.99,£224.99
Samsung Galaxy S10 Lite SM G770F DS   128GB  Dual SIM  Prism White  Unlocked ,£169.99,
Apple iPhone 11 Pro 64GB 256GB 512GB Unlocked All Colours   Excellent,£374.00,£529.95
Apple iPhone 13 512GB RED UNLOCKED APPLE WARRANTY A2633,£748.00,
Samsung Galaxy S20 SM G980F DS   128GB   Cloud Blue Unlocked UK Version Grade A,£325.50,
Apple iPhone 13 Mini   All Sizes   All Colours   Unlocked   Excellent Condition ,£679.99,
Samsung Galaxy S6   32GB   White Pearl  Unlocked  Smartphone ,£55.99,
New Nokia X20 Blue 6.67  128GB Dual SIM 5G Android 11 Sim Free Unlocked,£249.99,
SAMSUNG Galaxy S8   S8    S9   S9    S10e   S10   S10    64GB  128GB Unlocked A ,£159.99,£279.99
Samsung Galaxy S21 Plus 5G 128 256GB All Colours   Good Condition,£444.99,
SAMSUNG Galaxy A5 2017 SM A520F   32GB   Gold Unlocked Smartphone,£54.99,
Samsung Galaxy Note 9 128GB 512GB Black Blue Purple Smartphone Mobile 4G   Good,£189.00,
Apple iPhone XR   UNLOCKED   64 128 256GB   ALL COLOURS   Good Condition,£173.95,£253.95
Huawei Mate 10 64GB JET Black ANDROID SMARTPHONE  New,£128.00,
Samsung Galaxy S20 5G 128GB All Colours   Excellent Condition,£324.99,
Apple iPhone 11   64GB 128GB 256GB   Unlocked All Colours Smartphone   Very Good,£329.99,£359.99
Samsung Galaxy S6 edge  Plus   32GB   Gold Platinum  Unlocked  Smartphone,£87.99,
Samsung Galaxy S20 5G   128GB   All Colours   Unlocked   Very Good Condition,£341.99,£360.99
Google Pixel 5 5G  2020  GTT9Q   128GB   Just Black Unlocked   Grade B ,£337.83,
Huawei P10 LITE Midnight Black 32GB 12MP Android Unlocked Cheap Phone Sealed Box,£98.00,
Samsung Galaxy S21 5G 128 256GB All Colours   Excellent Condition,£439.99,
Google Pixel 6   128GB   Sorta Seafoam Green  Unlocked  SIM FREE   Grade A,£501.00,
Samsung Galaxy A5  2016  SM A510F   16GB   Black  Unlocked  Smartphone ,£44.99,
Apple iPhone SE 2020 2nd Gen 64GB black Unlocked to all network march  2023,£264.99,
Samsung Galaxy S20 Plus 5G 128GB All Colours   Excellent Condition,£339.99,
Samsung Galaxy S21 FE 5G SM G990B DS   128GB   Olive Green  Unlocked ,£435.00,
Apple iPhone 7   32GB 128GB 256GB   All Colours   Unlocked   Good Condition,£99.74,£129.19
SAMSUNG GALAXY A52s 5G SM A528B DS UNLOCKED 128GB VIOLET PURPLE,£280.13,
Apple iPhone XS Max   UNLOCKED   64 256 512GB   Very Good Condition,£244.95,£312.95
Huawei Mate 20 Pro   128GB   Twilight  Unlocked  Smartphone  ,£134.99,
Sony Xperia X 32GB Graphite Black F5121 3GB RAM Unlocked Android Sealed Box,£119.00,
MOTOROLA Moto E20 Grey   32 GB Unlocked SIM FREE   Grade A,£75.70,
Apple iPhone X  10  Unlocked 64GB 256GB Space Grey Silver   Very Good Condition,£209.90,
Samsung Galaxy S21 5G G991B DS 128 GB Phantom Pink  Unlocked ,£455.00,
Apple iPhone 12 Mini 64GB BLUE 5G UNLOCKED A2399 Apple Warranty 100  Batt NEW,£418.00,
Apple iPhone 7 32GB 128GB 256GB Unlocked Black Silver Gold Rose 4G   Very Good,£89.00,
Apple iPhone X   UNLOCKED   64 256GB   ALL COLOURS   Good Condition,£191.95,£211.95
Samsung Galaxy A51 Dual SIM   128GB Prism Crush Black Unlocked Very Good,£146.99,
Apple iPhone 12 Mini 64 128 256GB   All Colours   Excellent Condition,£404.99,£449.99
Apple iPhone 8 64 256GB All Colours   Good Condition,£134.99,
Apple iPhone 12 Pro Max 128 256 512GB   All Colours   Good Condition,£614.99,£649.99
Motorola Edge 20 Lite 5G 128GB   8GB RAM Unlocked SIM FREE   GRADE A,£221.61,
Apple Iphone XS 64GB 256GB Gold Silver Space Grey Unlocked Excellent Condition A,£229.99,£319.99
HONOR 50 Lite Smartphone   128 GB Midnight Black   Unlocked   SIM FREE,£190.13,
Sony Xperia XZ Premium G8141   64GB   Deepsea Black  Unlocked  Smartphone ,£114.99,
Samsung Galaxy S10   All Sizes   All Colours   Unlocked   Very Good Condition,£265.99,£366.69
Samsung Galaxy S10 Plus 128GB   All Colours   Excellent Condition,£239.99,
Samsung Galaxy Note20 Ultra SM N986B 256GB Mystic Bronze Unlocked   Grade A,£611.00,
Apple iPhone 11 64GB   A2221 Unlocked Phone   All Colours  Excellent Condition,£347.99,
Huawei P20 Pro    Dual SIM    128GB   Black  Unlocked  Smartphone ,£137.99,
Apple iPhone 11 Pro 64GB 256GB Unlocked Gold Green Grey Silver A2215 Excellent,£419.99,£429.99
OnePlus 7 Pro  Dual SIM    256GB   Nebula Blue  Unlocked  Smartphone ,£199.99,
Apple iPhone 7  32GB Rose Gold Unlocked Sim Free GOOD CONDITION GRADE B C,£89.99,
Samsung Galaxy S21 Ultra 5G 128GB Phantom Black   Unlocked   SM G998,£578.00,
Samsung Galaxy A22 5G   Black   64GB 4GB Ram   Unlocked   Dual Simcard  VATINC ,£149.00,
Apple iPhone 11 Pro 64GB 256GB Unlocked All Colours A2215   Excellent Condition ,£419.99,£429.99
Apple iPhone 8   64GB 256GB Unlocked Smartphone Good Condition   Amazing UK Deal,£133.99,£159.90
Samsung Galaxy Note 8 SM N950F   64GB   Midnight Black  Unlocked  Smartphone,£119.99,
Galaxy S10 Plus   Unlocked   128 256 GB  1TB   ALL COLOURS   Excellent Condition,£271.95,£446.95
Apple iPhone 11   64GB   Purple  Unlocked  A2221 Grade A,£320.61,
Samsung Galaxy Note 10 Plus 5G 512GB Black   Excellent Condition,£364.99,
Google Pixel 4   64GB 128GB   All Colours   Unlocked Smartphone   Good Condition,£204.24,£214.69
Huawei P8 Lite 16GB Black Unlocked Smartphone ALE L21 Cheap Phone New Boxed,£78.00,
OnePlus 6   128GB    Dual Sim    Midnight Black  Unlocked  Smartphone   Grade A,£132.99,
Apple iPhone 8   UNLOCKED   64 256GB   ALL COLOURS   Very Good Condition,£168.95,£206.95
Apple iPhone 11 Pro 64 256 512GB   All Colours   Excellent Condition,£384.99,
Samsung Galaxy S9 64GB Unlocked Black  Blue  Purple  Grey Android 4G   Good,£135.00,£139.00
Google Pixel 4 XL 64GB 128GB Unlocked Black White Orange Android 4G   Excellent,£215.00,
New Nokia 105 4th Edition Single Sim and Dual Sim Unlocked Mobile Phone Black,£24.99,
Samsung Galaxy S21 5G   256GB   Phantom Grey   Unlocked,£559.95,
Apple iPhone 13 Pro Max 128GB 256GB 512GB 1TB Gold NEW condition Apple Warranty,£978.00,"£1,150.00"
Google Pixel 3a XL   64GB   Just Black  Unlocked  Smartphone ,£117.99,
OPPO A54 5G CPH2195 64GB   4GB RAM PURPLE DUAL SIM UNLOCKED,£165.00,
Apple iPhone X   64GB   Space Grey  Unlocked  A1901  GSM  A Grade Condition,£219.99,
Apple iPhone 12 Mini 64GB 128GB 256GB Unlocked All Colours   Good,£419.95,£489.95
New Samsung Galaxy A52 4G LTE 128GB 8GB RAM Unlocked Android Smartphone 2021,£314.99,
Apple iPhone 12 64GB 128GB 256GB Red Unlocked NEW Condition Apple Warranty,£555.00,
Samsung Galaxy S9  Plus SM G965F   64GB   Black  Unlocked  Smartphone ,£142.99,
Apple iPhone 11 Pro Max 256GB 512GB 64GB Unlocked All Colours  12M UK Warranty B,£427.99,
Huawei P30 Lite 128GB Unlocked Black Blue Crystal White Android 4G   Very Good,£139.00,£145.00
Samsung Galaxy S6   32GB   Black Sapphire  Unlocked  Smartphone   New,£84.99,
Huawei Mate 20 Pro 128GB Unlocked Black Blue Twilight Green Android   Very Good,£229.00,
New Huawei Honor 20 Sapphire Blue 6.26  128GB Dual Sim 4G Android Sim Free Unloc,£219.99,
Google Pixel 2   64GB   Clearly White  Unlocked  Smartphone   Grade A Excellent,£99.99,
Huawei P20 Pro   128GB   All Colours   Unlocked   Very Good Condition,£188.09,£197.59
Samsung Galaxy S10  5G    256GB   All Colours   Unlocked   Good Condition,£284.99,
Apple iPhone XR    64GB 128GB 256GB  All Colours  Very Good Condition Smartphone,£237.99,£238.99
Apple iPhone 8   64GB 128GB 256GB   All Colours   Very Good Condition Smartphone,£138.99,£249.99
Samsung Galaxy A90 5G SM A908B   128GB   Black  Unlocked  Smartphone ,£164.99,
Samsung Galaxy S21 5G   256GB   Phantom Violet   Unlocked,£559.95,
Apple iPhone X   64GB 256GB   All Colours   Unlocked   Excellent Condition,£275.49,£329.64
Samsung Galaxy S20  Plus 5G   128GB   Aura Blue   Unlocked   Very Good Condition,£389.49,
Apple iPhone 13 Mini   All Sizes   All Colours   Unlocked   Good Condition,£619.99,£819.99
Apple iPhone XS 64GB 256GB 512GB Unlocked All Colours   Excellent,£259.00,
Oppo Find X2 Pro   512GB   Black   Unlocked,£379.95,
Samsung Galaxy S10e Dual SIM 128GB Unlocked Various Colours Android   Excellent,£195.00,
Huawei P20 Pro   128GB   All Colours   Unlocked   Good Condition,£146.99,£199.99
Samsung Galaxy S21  Plus 5G 128GB Phantom Violet SM G996B DS  Unlocked UK Spec,£518.00,
Apple iPhone 7   UNLOCKED   32 128 256GB   ALL COLOURS   Good Condition,£90.95,£131.95
Samsung Galaxy A71 SM A715F DS  Dual SIM  128GB   Prism Silver  Unlocked  ,£169.99,
Apple iPhone 11 Pro Max 64GB 256GB 512GB Unlocked   With Accessories   Excellent,£554.95,£562.45
Samsung Galaxy S21 Phantom Grey 256GB 5G   SM G991B   Warranty UK Version,£538.00,
Samsung Galaxy Note20 5G   256GB   All Colours   Unlocked   Excellent Condition,£503.49,£550.99
Apple iPhone XS Max 64  256  512GB 6.5 All Colours Unlocked Excellent Condition,£249.99,£359.99
Samsung Galaxy A70 Dual SIM 128GB Unlocked Black Blue White Pink 4G Phone   Good,£135.00,£139.00
Samsung Galaxy Fold 5G   512GB   Cosmos Black  Unlocked  Smartphone   Grade A ,£499.99,
Apple iPhone X   64GB   Space Grey  Unlocked  A1901  GSM  Very Good Condition,£199.99,
Google Pixel 6   128GB   Kinda Coral Orange  Unlocked  SIM FREE   Grade A,£495.00,
Samsung Galaxy A51 Dual SIM 128GB Unlocked Black White Android Phone   Very Good,£149.00,£159.00
Apple iPhone 11   64GB 128GB 256GB Unlocked All Colours   TOP UK DEAL   PRISTINE,£347.99,£348.99
Apple iPhone 11 64GB Unlocked White   12M UK Warranty   Excellent Condition A ,£347.99,
Samsung Galaxy A3 SM A300FU   16GB   Pearl White  Unlocked  Smartphone,£39.99,
Samsung Galaxy S10  Plus   All Sizes   Colours   Unlocked   Excellent Condition,£332.49,£521.54
Galaxy S20 Plus 5G   UNLOCKED   128GB   ALL COLOURS   Good Condition,£285.95,
Samsung Galaxy S21 5G 128GB Android Smartphone Unlocked Pristine Condition A  ,£484.99,
Samsung Galaxy Note20 4G   256GB   All Colours   Unlocked   Excellent Condition,£522.49,
Apple iPhone 7   32GB 128GB 256GB   All Colours   Unlocked   Very Good Condition,£123.49,£173.84
Apple iPhone 11   UNLOCKED   64 128 256GB   ALL COLOURS   Excellent Condition,£346.95,
Apple iPhone X 256GB Space Grey Unlocked Sim Free A190 GOOD CONDITION 890,£229.99,
Samsung Galaxy Note9   128GB 512GB   All Colours   Unlocked   Good Condition,£229.99,£338.99
Samsung Galaxy A52s 5G SM A528B DS   128GB   Awesome Black  Unlocked  Smartphone,£299.99,
Samsung Galaxy Note 8  Dual Sim  SM N950   64GB   Black  Unlocked  Smartphone ,£134.99,
Samsung Galaxy J3  2017  SM J330F   16GB   Black  Unlocked  Smartphone ,£49.99,
Samsung Galaxy S21 5G   All Sizes   All Colours   Unlocked   Very Good Condition,£503.49,£560.49
Apple iPhone XR   64GB 128GB 256GB   Unlocked Smartphone All Colours Premium A ,£229.99,£329.99
Apple iPhone 12   UNLOCKED   64 128 256GB   ALL COLOURS   Good Condition,£462.95,£522.95
Apple iPhone 11 64GB Unlocked Black Smartphone   12M Warranty   Very Good   A,£312.99,
Google Pixel 6   128GB   Stormy Black  Unlocked  SIM FREE   Grade A,£455.00,
Apple iPhone SE 2020 2nd Gen 64GB 128GB Unlocked Smartphone All Colours A  Grade,£219.99,
Samsung Galaxy Xcover Pro UK Model  Dual SIM  Black 64GB 4GB RAM SM G715FN DS UK,£319.00,
Apple iPhone SE 2nd Gen 2020 64GB 128GB Unlocked Smartphone  A Grade No Touch ID,£189.99,£229.99
Samsung Galaxy Z Fold3 5G 256GB Silver SM F926B UNLOCKED Samsung Warranty NEW,£918.00,
Samsung Galaxy A70  Dual SIM    128GB   White  Unlocked  Smartphone ,£123.99,
Samsung Galaxy S20 5G   UNLOCKED   128GB   ALL COLOURS   Excellent Condition,£347.95,
Apple iPhone XS 64 256 512GB All Colours   Very Good Condition,£214.99,£244.99
Apple iPhone 11 Smartphone   64GB 128GB   Unlocked Sim Free,£299.99,£357.99
Xiaomi Redmi Note 9T 5G   128 GB   Nightfall Black  Unlocked  Smartphone,£179.99,
Apple iPhone 11 64GB 128GB 256GB Unlocked All Colour  12M UK Warranty  Excellent,£348.99,
Apple iPhone XS MAX Smartphone   64GB 256GB 512GB All Colour  Sizes  Excellent ,£298.99,£313.99
Huawei P20 Pro   128GB   Black  Unlocked  Smartphone   New,£169.99,
Samsung Galaxy S6 Edge   32GB   Black Sapphire  Unlocked  Smartphone  ,£67.99,
Apple iPhone SE 2020   All Sizes   All Colours   Unlocked   Very Good Condition,£256.49,£398.99
Sony Xperia 1 III   6.5  Smartphone   12 256GB Dual Sim  UK   Unlocked    Black,£869.95,
Samsung Galaxy Note9   128GB  512GB   All Colours   Unlocked   Very Good,£279.29,£333.44
Apple iPhone XS Max 64 256 512GB All Colours   Very Good Condition,£269.99,
Samsung Galaxy S21 5G 128 256GB All Colours   Good Condition,£399.99,
Apple iPhone XS 64GB 256GB 512GB Unlocked All Colours Certified Refurbished,£259.00,
Samsung Galaxy A80  Dual SIM    128GB   Phantom Black  Unlocked  Smartphone ,£169.99,
Google Pixel 5 5G   128GB   Sage   Black   Unlocked   Good Condition ,£408.49,£435.09
Apple iPhone 7 Plus 32 128 256GB All Colours   Good Condition,£119.99,
Huawei P20 Pro   128GB   Twilight  Unlocked  Smartphone   New,£169.99,
iPhone 12 Pro   512GB   Graphite   Unlocked,£839.95,
Google Pixel 4 XL 64GB 128GB Unlocked Black White Orange Android Phone 4G   Good,£199.00,
Apple iPhone 8   64GB 256GB   Unlocked Smartphone   Grey Gold Silver   Very Good,£139.99,£199.99
Samsung Galaxy A22 5G   64GB   White   Unlocked,£165.95,
SAMSUNG GALAXY A52s 5G SM A528B DS UNLOCKED 128GB BLACK GRADE A ,£292.71,
Samsung Galaxy A10  Dual SIM    32GB   Blue  Unlocked  Smartphone ,£74.99,
Apple iPhone XR   UNLOCKED   64 128 256GB   ALL COLOURS   Excellent Condition,£229.95,£232.95
Samsung Galaxy A71 Unlocked   Prism Crush Black UK Version Grade A,£201.51,
OnePlus 3   64GB  Dual Sim  Graphite  Unlocked  Smartphone ,£63.99,
Samsung Galaxy S10 Dual SIM 128GB Unlocked Various Colours Android Mobile   Good,£199.00,
Samsung Galaxy S20 FE 5G   128GB   Cloud Navy   Unlocked,£389.95,
Samsung Galaxy S20 Ultra 5G 128GB All Colours   Good Condition,£389.99,
Apple iPhone 7 PLUS   UNLOCKED   32 128 256GB   Very Good Condition,£135.95,£220.95
Samsung Galaxy Z Fold 3 5G   All Sizes All Colours Unlocked  Very Good Condition,"£1,256.84","£1,434.49"
Google Pixel 2 XL   64GB    Black White  Unlocked  Smartphone ,£88.99,
New Huawei Mate 20 Pro Twilight 6.39  128GB 6GB LTE Octa Core Android 9 Sim Free,£399.99,
Samsung Galaxy S9 64GB Unlocked Black  Blue  Purple  Grey Android 4G   Very Good,£149.00,
Apple iPhone 13 512GB STARLIGHT   UNLOCKED APPLE WARRANTY A2633 UK VERSION NEW,£748.00,
Apple iPhone 5S 16GB 32GB 64GB Unlocked Space Grey Silver Gold Phone   Very Good,£45.00,
Google Pixel 4 XL   64GB 128GB   All Colours    Unlocked    Good Condition ,£204.24,£237.49
Apple iPhone 13 PRO MAX 256GB GRAPHITE UNLOCKED APPLE WARRANTY A2643 100  Batt,£948.00,
APPLE iPhone 6 64GB SPACE GREY UNLOCKED RARE NEW,£118.00,
Google Pixel 3 XL   64GB   Just Black  Unlocked  Smartphone ,£109.99,
Apple iPhone 7  32GB Black Unlocked Sim Free A1778 GOOD CONDITION GRADE B C,£89.99,
Samsung Galaxy A40 64GB Black Dual SIM Unlocked A405FN DS Excellent Conditions,£118.00,
Huawei P20 Pro   128GB   Black  Unlocked  Smartphone ,£124.99,
New Oppo A74 5G Space Silver 6.5  128GB 5000 mAh Android 11 Sim Free,£249.99,
Samsung Galaxy A8  2018  SM A530F   32GB   Black  Unlocked  Smartphone ,£74.99,
Apple iPhone 13   128GB   Starlight    Unlocked    New,£778.05,
Apple iPhone 13   128GB   Blue    Unlocked    New,£778.05,
Samsung Galaxy A70   Dual SIM    128GB   Black  Unlocked  Smartphone ,£122.99,
Apple iPhone 13   128GB   Midnight    Unlocked    New,£778.05,
Samsung Galaxy Note 10 Lite   128GB   Black Glow   Unlocked   Good Condition,£261.24,£280.24
Samsung Galaxy A12 Black 64GB 2021 Unlocked 4G A125F DS UK Version   Grade A,£118.65,
Apple iPhone 11 Pro 64GB 256GB 512GB Unlocked   With Accessories   Excellent,£374.00,£539.95
Samsung Galaxy S21 Ultra 5G 256GB Phantom Black Unlocked   SM G998B,£578.00,
Samsung Galaxy J5 2016 16GB Unlocked Black White Gold Android Phone   Very Good,£59.00,
OnePlus 7T Pro    Dual SIM    256GB   Haze Blue  Unlocked  Smartphone ,£239.99,
Apple iPhone 12 Pro MAX   UNLOCKED   128 256 512GB   Good Condition,£693.95,
Apple iPhone X 64GB  256GB   Space Grey  Silver   Unlocked   Very Good ,£219.95,
Samsung Galaxy Note 9 SM N960   128GB   Black  Unlocked  Smartphone ,£167.99,
Apple iPhone 13   All Sizes   All Colours   Unlocked   Very Good Condition,£749.99,£959.99
Samsung Galaxy A5 2017 32GB Unlocked Black Gold Blue Pink Android Phone   Good,£69.00,
APPLE iPhone 6s 64GB GOLD UNLOCKED RARE NEW,£148.00,
Apple iPhone XS 64GB 256GB 512GB   Unlocked Smartphone   Excellent   Grade A ,£279.99,£429.99
Samsung Galaxy A9  2018  SM A920F   128GB   Lemonade Blue  Unlocked  Smartphone,£99.99,
Apple iPhone 7   UNLOCKED   32 128 256GB   ALL COLOURS   Very Good Condition,£95.95,£142.95
Apple iPhone 8 Plus   64GB 128GB 256GB   All Colours   Excellent Condition ,£246.99,
Samsung Galaxy S10  Plus  128Gb prism black Unlocked to all network sealed box ,£349.00,
Apple iPhone 7 Plus   32GB 128GB 256GB   All Colours   Unlocked   Good Condition,£146.99,£209.99
Apple iPhone 12 Pro 128GB 256GB 512GB Unlocked All Colours Certified Refurbished,£659.00,
Samsung Galaxy A32 5G 128GB 6GB SM A325F DS Dual SIM 4G Unlocked Blue Brand New ,£230.00,£255.00
Samsung Galaxy Note 10 Plus 256GB All Colours   Excellent Condition,£339.99,
Samsung Galaxy Z Fold 2 5G   SM F916B   256GB   Mystic Black  Unlocked  Grade A,£684.99,
HONOR 50 Lite Smartphone   128 GB Deep Sea Blue Unlocked SIM Free,£191.24,
Samsung Galaxy S7   32GB   Gold Platinum  Unlocked  Smartphone ,£75.99,
Samsung Galaxy J4 Plus SM J415F   32GB   Black  Unlocked  Smartphone   Original,£69.99,
Apple iPhone 12 Pro Max 128GB Graphite 5G Unlocked Excellent Conditions,£648.00,
Samsung Galaxy S10 128GB All Colours   Excellent Condition,£219.99,
Apple iPhone SE 2020 2nd Generation 64GB iOS Best Model Unlocked   A  Grade,£234.99,
Apple iPhone 11   UNLOCKED   64 128 256GB   ALL COLOURS   Very Good Condition,£321.95,
iPhone 12   256GB   White   Unlocked,£669.95,
Samsung Galaxy S20 Plus 5G   128GB   All Colours   Unlocked   Good Condition,£351.49,£379.99
Huawei Honor 9 Lite  Dual Sim    32GB   Sapphire Blue  Unlocked  Smartphone ,£74.99,
Apple iPhone 8 UNLOCKED Smartphone   64GB 128GB 256GB GOOD Condition   Warranty,£194.99,
Google Pixel 3A 64GB Unlocked Black White Purple Android Smart Phone 4G   Good,£105.00,£119.00
Samsung Galaxy A13 6.6  4G Smartphone 64GB Unlocked,£145.13,
New Motorola Moto E7 Mineral Grey 6.5  32GB 4000mAh Sim Free Unlocked,£108.99,
Samsung Galaxy S20 FE  2021  SM G780G 128GB   Cloud Lavender  Unlocked ,£366.76,
Nokia XR20   64GB   Grey   Unlocked,£324.95,
Samsung Galaxy S10 128GB All Colours   Very Good Condition,£204.99,
Samsung Galaxy J6 SM J600   32GB   Black  Unlocked  Smartphone ,£65.99,
OnePlus 5T   128GB  Dual Sim  Midnight Black  Unlocked  Smartphone  ,£107.99,
Apple iPhone X   64GB 256GB   Space Grey Silver  Unlocked  A1901  GSM  Very Good,£189.99,£249.99
iPhone 12 Pro   128GB   Gold   Unlocked,£759.95,
Apple iPhone XS Max   64GB 256GB 512GB   Unlocked Smartphone   Good Condition,£329.99,
Apple iPhone 11 64GB 128GB 256GB UNLOCKED Smartphone Various Colours VERY GOOD ,£294.99,
Apple iPhone 11 64GB 128GB 256GB Unlocked SIM Free Smartphone VeryGood Condition,£299.89,£349.89
Huawei P30 128GB Unlocked Black Aurora Crystal Android Smartphone 4G   Good,£155.00,
Samsung Galaxy S9   UNLOCKED   64 128 256 GB   ALL COLOURS   Good Condition,£147.95,
Apple iPhone XR 64GB Black Unlocked Sim Free A2105 GOOD CONDITION GRADE B 359,£209.99,
Samsung Galaxy S20 FE 4G   128GB   All Colours   Unlocked   Good Condition ,£379.99,£419.99
Samsung Galaxy A40 64GB Black Dual SIM Unlocked A405FN DS Good Conditions,£98.00,
APPLE iPhone 6 64GB GOLD UNLOCKED RARE NEW,£118.00,
Google Pixel 3a XL   64GB   Just Black   Unlocked,£164.95,
Apple iPhone 8 PLUS 64 128 256GB   UNLOCKED Smartphone Various Colours VERY GOOD,£184.99,
Google Pixel 4   64GB   Black  Unlocked  Smartphone ,£154.99,
Samsung Galaxy S8 64GB 4G LTE Unlocked Android Smartphone All Colours,£164.99,
Apple iPhone X 64GB  256GB   Silver  Space Grey   Unlocked   Good Condition,£199.95,
Apple iPhone X 64GB Unlocked Silver   12M UK WARRANTY   Excellent Conditon,£232.99,
OnePlus 5   128GB  Dual Sim    Midnight Black  Unlocked  Smartphone   Grade A,£102.99,
Huawei P20 lite   64GB   Klein Blue  Unlocked  Smartphone   New,£102.99,
Samsung Galaxy S21  Plus 5G   256GB   Phantom Black   Unlocked,£609.95,
iPhone 12   128GB   Green   Unlocked,£609.95,
Samsung Galaxy S21  Plus 5G 256 GB Phantom Violet  Unlocked  SIM FREE,£585.00,
Huawei P30 Lite 128GB Unlocked Black Blue Crystal White Android 4G   Excellent,£149.00,
Samsung Galaxy Z Flip3 5G   128GB   Phantom Black   Unlocked,£579.95,
Samsung Galaxy S6 Edge   32GB   Gold Platinum  Unlocked  Smartphone   Grade A,£74.99,
Apple iPhone 12 Pro 128 256 512GB   All Colours   Good Condition,£584.99,
iPhone SE 2nd Gen  2020  unlocked MHGQ3B A 64GB WHITE UK Version NEW Condition  ,£299.99,
Samsung Galaxy Z Flip 3 5G 128GB Phantom Black DS NEW Condition Samsung Warranty,£490.00,
Google Pixel 6 Pro   5G   128GB   Stormy Black   Unlocked,£695.95,
Samsung Galaxy Note 8 SM N950   64GB   Black  Unlocked  Smartphone   New,£184.99,
 CAT S31 Rugged Dual SIM 4.7 Inch Black Unlocked Smartphone,£78.99,
Samsung Galaxy S3 III Mini GT I8190   8GB   Pebble Blue  Unlocked  Smartphone,£17.99,
